Time Stamp,Acceleration
19202812,-0.9243
19204684,-0.9165
19206556,-0.9165
19208432,-0.9243
19210304,-0.9282
19212176,-0.9204
19214044,-0.9204
19215908,-0.9282
19217780,-0.9321
19219656,-0.9282
19221524,-0.9282
19223400,-0.9321
19225276,-0.9282
19227152,-0.9321
19229028,-0.9321
19230900,-0.9204
19232760,-0.9243
19234640,-0.9282
19236512,-0.9282
19238388,-0.9243
19240264,-0.9282
19242136,-0.9282
19244000,-0.9165
19245876,-0.9087
19247748,-0.9243
19249616,-0.9243
19251488,-0.9321
19253360,-0.9282
19255232,-0.936
19257100,-0.936
19258964,-0.9282
19260836,-0.9204
19262704,-0.9399
19264576,-0.9399
19266448,-0.9165
19268324,-0.9204
19270192,-0.9282
19272068,-0.9282
19273940,-0.9243
19275812,-0.9165
19277684,-0.9165
19279564,-0.9282
19281436,-0.9243
19283308,-0.9243
19285180,-0.9243
19287052,-0.9243
19288924,-0.9282
19290800,-0.9282
19292676,-0.9282
19294548,-0.936
19296416,-0.9243
19298284,-0.9321
19300160,-0.9321
19302040,-0.9282
19303916,-0.9282
19305788,-0.9243
19307668,-0.9243
19309532,-0.9204
19311404,-0.9126
19313276,-0.9321
19315160,-0.9321
19317032,-0.9165
19318904,-0.9282
19320776,-0.9282
19322652,-0.9204
19324520,-0.936
19326384,-0.9282
19328260,-0.9282
19330132,-0.9243
19332004,-0.9243
19333884,-0.9282
19335756,-0.9282
19337628,-0.9321
19339508,-0.9282
19341376,-0.9204
19343244,-0.9204
19345112,-0.9282
19346976,-0.9165
19348852,-0.9243
19350724,-0.9243
19352596,-0.9243
19354468,-0.9126
19356348,-0.936
19358220,-0.936
19360092,-0.9321
19361968,-0.9165
19363832,-0.9165
19365712,-0.9204
19367584,-0.9243
19369452,-0.9165
19371324,-0.9165
19373204,-0.9243
19375068,-0.9165
19376944,-0.9204
19378816,-0.9204
19380676,-0.9282
19382552,-0.9282
19384424,-0.936
19386292,-0.936
19388156,-0.9321
19390024,-0.9243
19391896,-0.9243
19393772,-0.9243
19395644,-0.9243
19397516,-0.9204
19399392,-0.9204
19401252,-0.9204
19403124,-0.9282
19404996,-0.9282
19406868,-0.9282
19408744,-0.936
19410612,-0.9165
19412480,-0.9243
19414352,-0.9243
19416228,-0.9204
19418088,-0.9243
19419968,-0.9282
19421844,-0.9282
19423708,-0.936
19425580,-0.9204
19427452,-0.9282
19429324,-0.9282
19431200,-0.9048
19433068,-0.9282
19434936,-0.9282
19436812,-0.9282
19438684,-0.9282
19440556,-0.9438
19442424,-0.9438
19444288,-0.9204
19446160,-0.9204
19448028,-0.9126
19449908,-0.9126
19451784,-0.9282
19453664,-0.9126
19455544,-0.9243
19457420,-0.9243
19459288,-0.9243
19461160,-0.9243
19463032,-0.936
19464904,-0.936
19466764,-0.9282
19468636,-0.9243
19470512,-0.9282
19472376,-0.9282
19474256,-0.9126
19476132,-0.9282
19478012,-0.9282
19479888,-0.9282
19481760,-0.9243
19483628,-0.9321
19485504,-0.9321
19487384,-0.936
19489256,-0.9126
19491132,-0.936
19493008,-0.936
19494872,-0.936
19496736,-0.9204
19498604,-0.9204
19500468,-0.9204
19502336,-0.9321
19504212,-0.9243
19506084,-0.9165
19507964,-0.9165
19509844,-0.9321
19511716,-0.936
19513584,-0.9282
19515460,-0.9282
19517332,-0.9243
19519200,-0.9165
19521076,-0.9165
19522948,-0.9204
19524816,-0.9243
19526688,-0.9165
19528560,-0.9165
19530436,-0.9321
19532312,-0.936
19534180,-0.9204
19536052,-0.9204
19537916,-0.9243
19539796,-0.9321
19541676,-0.9204
19543548,-0.9204
19545420,-0.9204
19547288,-0.9243
19549160,-0.9165
19551032,-0.9165
19552916,-0.9126
19554792,-0.9243
19556664,-0.9243
19558536,-0.9243
19560404,-0.9243
19562280,-0.9243
19564156,-0.9243
19566032,-0.9165
19567908,-0.9165
19569780,-0.9243
19571652,-0.9243
19573532,-0.9165
19575420,-0.9399
19577296,-0.9165
19579172,-0.9165
19581048,-0.9282
19582920,-0.9243
19584796,-0.9282
19586676,-0.9282
19588552,-0.9087
19590420,-0.9204
19592288,-0.9243
19594164,-0.9243
19596044,-0.9282
19597920,-0.9243
19599796,-0.9321
19601672,-0.9321
19603544,-0.9204
19605408,-0.9282
19607276,-0.9282
19609152,-0.9204
19611024,-0.9009
19612884,-0.9204
19614748,-0.9204
19616616,-0.9204
19618480,-0.9321
19620348,-0.9399
19622224,-0.9399
19624096,-0.9282
19625964,-0.9243
19627844,-0.9243
19629720,-0.9243
19631600,-0.9282
19633472,-0.9282
19635348,-0.9282
19637216,-0.9282
19639092,-0.936
19640952,-0.9399
19642824,-0.9282
19644700,-0.9282
19646572,-0.9243
19648448,-0.9243
19650324,-0.9243
19652208,-0.9321
19654088,-0.9165
19655960,-0.9282
19657832,-0.9282
19659708,-0.9243
19661584,-0.9243
19663464,-0.9243
19665340,-0.9243
19667208,-0.9321
19669080,-0.9165
19670952,-0.9243
19672828,-0.9243
19674700,-0.9243
19676572,-0.9165
19678452,-0.9321
19680324,-0.9321
19682196,-0.9204
19684060,-0.9165
19685932,-0.9399
19687800,-0.9399
19689672,-0.9282
19691544,-0.9282
19693416,-0.9282
19695292,-0.9321
19697168,-0.936
19699032,-0.9243
19700908,-0.9243
19702776,-0.936
19704648,-0.9243
19706516,-0.936
19708384,-0.936
19710252,-0.9321
19712132,-0.9165
19713996,-0.9204
19715864,-0.9204
19717732,-0.9204
19719596,-0.9243
19721472,-0.9321
19723344,-0.9321
19725216,-0.9399
19727092,-0.9243
19728968,-0.9243
19730840,-0.9165
19732712,-0.9204
19734580,-0.9321
19736456,-0.9321
19738336,-0.9243
19740212,-0.9243
19742084,-0.9282
19743956,-0.9282
19745828,-0.9282
19747700,-0.9165
19749576,-0.9282
19751452,-0.9282
19753324,-0.9282
19755196,-0.9282
19757072,-0.9282
19758944,-0.9282
19760820,-0.9282
19762684,-0.9204
19764556,-0.9321
19766432,-0.9321
19768296,-0.9204
19770164,-0.9282
19772032,-0.9282
19773908,-0.9204
19775772,-0.9204
19777644,-0.9243
19779516,-0.9243
19781392,-0.9204
19783272,-0.9282
19785140,-0.9243
19787012,-0.9243
19788884,-0.9282
19790756,-0.9243
19792632,-0.9243
19794508,-0.9243
19796380,-0.9243
19798260,-0.9204
19800124,-0.9282
19802000,-0.9282
19803876,-0.9282
19805752,-0.9282
19807624,-0.9282
19809496,-0.9243
19811372,-0.9165
19813244,-0.9321
19815124,-0.9321
19817004,-0.9321
19818876,-0.9243
19820748,-0.9282
19822620,-0.9282
19824496,-0.9243
19826364,-0.9282
19828240,-0.936
19830108,-0.936
19831980,-0.9282
19833848,-0.9282
19835728,-0.9204
19837596,-0.9204
19839460,-0.9048
19841328,-0.9243
19843196,-0.9204
19845060,-0.9204
19846924,-0.9243
19848792,-0.9204
19850656,-0.9204
19852524,-0.9165
19854400,-0.9282
19856272,-0.9165
19858148,-0.9165
19860024,-0.9204
19861888,-0.9204
19863756,-0.9243
19865632,-0.9243
19867504,-0.9321
19869380,-0.9282
19871256,-0.9243
19873128,-0.9243
19875000,-0.9204
19876860,-0.9204
19878736,-0.9204
19880596,-0.9204
19882460,-0.9399
19884332,-0.936
19886204,-0.936
19888072,-0.9282
19889940,-0.9165
19891820,-0.9204
19893692,-0.9204
19895560,-0.9321
19897436,-0.9204
19899304,-0.9243
19901168,-0.9243
19903048,-0.9282
19904920,-0.9282
19906796,-0.9204
19908660,-0.9204
19910528,-0.9204
19912392,-0.9087
19914256,-0.9243
19916132,-0.9243
19918004,-0.9243
19919872,-0.9243
19921748,-0.9243
19923628,-0.9282
19925508,-0.9243
19927380,-0.9165
19929252,-0.9165
19931120,-0.9204
19932992,-0.9321
19934864,-0.9243
19936740,-0.9243
19938612,-0.9282
19940484,-0.9165
19942352,-0.9282
19944228,-0.9282
19946108,-0.9321
19947988,-0.9243
19949860,-0.9321
19951736,-0.9321
19953608,-0.9243
19955484,-0.9204
19957364,-0.9282
19959228,-0.9282
19961104,-0.9243
19962980,-0.9204
19964844,-0.9204
19966708,-0.9204
19968572,-0.9321
19970452,-0.9243
19972320,-0.9243
19974196,-0.936
19976064,-0.9165
19977932,-0.9243
19979804,-0.9243
19981680,-0.9204
19983544,-0.9243
19985420,-0.9204
19987288,-0.9204
19989148,-0.9243
19991016,-0.9204
19992884,-0.9321
19994760,-0.9321
19996628,-0.9282
19998504,-0.9321
20000384,-0.9282
20002260,-0.9282
20004128,-0.9165
20006004,-0.9126
20007876,-0.9126
20009756,-0.9243
20011640,-0.9321
20013516,-0.9438
20015384,-0.9438
20017256,-0.9165
20019132,-0.9243
20021008,-0.9243
20022892,-0.9243
20024768,-0.9204
20026632,-0.9321
20028508,-0.9321
20030380,-0.9321
20032260,-0.9282
20034136,-0.9204
20036008,-0.9243
20037884,-0.9243
20039756,-0.9282
20041628,-0.9282
20043500,-0.9321
20045380,-0.9321
20047252,-0.9243
20049124,-0.9321
20050996,-0.9321
20052872,-0.9165
20054752,-0.9243
20056624,-0.9282
20058496,-0.9282
20060372,-0.9282
20062244,-0.9165
20064116,-0.9321
20065996,-0.9321
20067876,-0.936
20069744,-0.9282
20071616,-0.9126
20073492,-0.9126
20075364,-0.9126
20077244,-0.9204
20079116,-0.9165
20080992,-0.9165
20082860,-0.9126
20084728,-0.9087
20086600,-0.9321
20088472,-0.9321
20090348,-0.9243
20092220,-0.9321
20094100,-0.9321
20095968,-0.9282
20097844,-0.9321
20099720,-0.936
20101592,-0.936
20103464,-0.9282
20105336,-0.9165
20107212,-0.9321
20109092,-0.9321
20110976,-0.9282
20112852,-0.9321
20114728,-0.9282
20116596,-0.9282
20118472,-0.9204
20120340,-0.9282
20122208,-0.9165
20124080,-0.9165
20125952,-0.9282
20127824,-0.936
20129696,-0.9282
20131564,-0.9282
20133440,-0.9282
20135316,-0.9282
20137188,-0.9282
20139060,-0.9204
20140928,-0.9126
20142796,-0.9321
20144680,-0.9321
20146552,-0.9321
20148424,-0.9321
20150300,-0.9282
20152172,-0.9282
20154048,-0.9243
20155920,-0.9282
20157792,-0.9282
20159664,-0.9282
20161532,-0.9282
20163412,-0.9204
20165280,-0.9243
20167148,-0.9243
20169020,-0.9243
20170900,-0.9282
20172764,-0.9243
20174640,-0.9243
20176520,-0.9321
20178396,-0.936
20180260,-0.936
20182132,-0.9204
20184000,-0.9204
20185860,-0.9243
20187732,-0.9243
20189604,-0.9204
20191468,-0.9321
20193348,-0.9282
20195216,-0.9282
20197092,-0.9399
20198968,-0.9438
20200840,-0.936
20202708,-0.936
20204580,-0.9204
20206448,-0.9126
20208316,-0.9126
20210200,-0.9126
20212072,-0.9087
20213940,-0.9204
20215804,-0.9204
20217680,-0.9243
20219544,-0.9243
20221420,-0.9204
20223288,-0.9204
20225168,-0.9321
20227040,-0.9126
20228924,-0.9204
20230796,-0.9204
20232660,-0.936
20234532,-0.9165
20236404,-0.9165
20238276,-0.9165
20240156,-0.9243
20242040,-0.9204
20243908,-0.9282
20245784,-0.9282
20247656,-0.9204
20249524,-0.9243
20251392,-0.9243
20253268,-0.9243
20255140,-0.9204
20257008,-0.9243
20258884,-0.9243
20260756,-0.9204
20262628,-0.9243
20264492,-0.9243
20266368,-0.9243
20268240,-0.9204
20270108,-0.936
20271976,-0.9165
20273848,-0.9165
20275728,-0.9321
20277600,-0.9243
20279472,-0.9165
20281340,-0.9165
20283220,-0.9282
20285096,-0.9321
20286976,-0.9282
20288848,-0.9282
20290720,-0.9126
20292588,-0.9321
20294468,-0.9399
20296340,-0.9399
20298216,-0.9321
20300096,-0.9243
20301972,-0.9243
20303840,-0.9321
20305716,-0.9204
20307588,-0.9204
20309452,-0.9204
20311324,-0.9282
20313200,-0.9243
20315076,-0.9243
20316952,-0.9243
20318832,-0.9243
20320712,-0.9282
20322584,-0.9282
20324456,-0.9282
20326328,-0.9282
20328204,-0.936
20330064,-0.9282
20331940,-0.9282
20333812,-0.9243
20335688,-0.9243
20337560,-0.9321
20339440,-0.9321
20341320,-0.9126
20343192,-0.9204
20345060,-0.9204
20346928,-0.9243
20348804,-0.9243
20350688,-0.9165
20352564,-0.9165
20354436,-0.9243
20356308,-0.9204
20358176,-0.9204
20360044,-0.9204
20361904,-0.9204
20363768,-0.9243
20365648,-0.9204
20367516,-0.9204
20369380,-0.9204
20371244,-0.9321
20373116,-0.936
20374992,-0.936
20376864,-0.9321
20378748,-0.9165
20380620,-0.9321
20382500,-0.9321
20384384,-0.9204
20386256,-0.9243
20388132,-0.9243
20390004,-0.9165
20391876,-0.9282
20393752,-0.9321
20395640,-0.9321
20397516,-0.9243
20399388,-0.9243
20401260,-0.936
20403128,-0.936
20404992,-0.9282
20406860,-0.9204
20408728,-0.9243
20410608,-0.9243
20412484,-0.9243
20414356,-0.9165
20416236,-0.9243
20418112,-0.9243
20419984,-0.9165
20421860,-0.936
20423728,-0.9282
20425604,-0.9282
20427472,-0.9243
20429348,-0.9282
20431220,-0.9282
20433096,-0.936
20434964,-0.9282
20436844,-0.9204
20438704,-0.9204
20440568,-0.9243
20442448,-0.9282
20444320,-0.9165
20446188,-0.9165
20448064,-0.9126
20449944,-0.9282
20451820,-0.9321
20453696,-0.9321
20455576,-0.9165
20457440,-0.9165
20459328,-0.9243
20461204,-0.9243
20463080,-0.9282
20464952,-0.9282
20466828,-0.936
20468692,-0.936
20470556,-0.9321
20472436,-0.9321
20474312,-0.9321
20476188,-0.9204
20478056,-0.9087
20479928,-0.9165
20481804,-0.9165
20483676,-0.9204
20485544,-0.9165
20487416,-0.9204
20489280,-0.9204
20491148,-0.9204
20493024,-0.9126
20494892,-0.9321
20496764,-0.9321
20498632,-0.9126
20500504,-0.9282
20502372,-0.9243
20504248,-0.9243
20506124,-0.9204
20507988,-0.9165
20509864,-0.9165
20511728,-0.9204
20513600,-0.9243
20515468,-0.9243
20517340,-0.9243
20519212,-0.9243
20521084,-0.9321
20522956,-0.9321
20524832,-0.9321
20526712,-0.9165
20528588,-0.9126
20530460,-0.9165
20532332,-0.9165
20534200,-0.9087
20536068,-0.9321
20537940,-0.9321
20539812,-0.9321
20541684,-0.9165
20543556,-0.9204
20545420,-0.9243
20547292,-0.9243
20549164,-0.9321
20551036,-0.9243
20552912,-0.9243
20554780,-0.9321
20556656,-0.9243
20558532,-0.9321
20560408,-0.9321
20562280,-0.9204
20564144,-0.9282
20566012,-0.9321
20567892,-0.9321
20569768,-0.9087
20571636,-0.9165
20573512,-0.9165
20575384,-0.9165
20577252,-0.9087
20579120,-0.9165
20580988,-0.9282
20582864,-0.9282
20584732,-0.9204
20586600,-0.9165
20588476,-0.9165
20590348,-0.9243
20592224,-0.9204
20594088,-0.9126
20595964,-0.9126
20597836,-0.9282
20599708,-0.9321
20601584,-0.9321
20603464,-0.9321
20605336,-0.9282
20607208,-0.9243
20609080,-0.9165
20610952,-0.9165
20612832,-0.936
20614700,-0.9282
20616576,-0.9243
20618448,-0.9243
20620320,-0.9165
20622192,-0.9789
20624060,-1.0023
20625940,-1.0023
20627816,-0.9711
20629692,-0.9282
20631560,-0.9282
20633432,-0.9243
20635304,-0.9243
20637180,-0.8697
20639056,-0.8697
20640928,-0.858
20642788,-0.8619
20644656,-0.8619
20646532,-0.8619
20648404,-0.8736
20650276,-0.9165
20652148,-0.9243
20654020,-0.9243
20655896,-0.9282
20657776,-0.9711
20659652,-0.9672
20661524,-0.9672
20663396,-0.9789
20665264,-0.9555
20667140,-0.9438
20669016,-0.9438
20670896,-0.9204
20672764,-0.8892
20674636,-0.8892
20676504,-0.9048
20678376,-0.897
20680240,-0.8853
20682112,-0.8853
20683988,-0.8853
20685860,-0.9204
20687728,-0.9165
20689596,-0.9165
20691472,-0.936
20693336,-0.936
20695208,-0.9399
20697072,-0.9399
20698952,-0.9243
20700828,-0.9165
20702704,-0.9048
20704568,-0.9048
20706444,-0.9282
20708312,-0.9165
20710188,-0.9477
20712064,-0.9477
20713936,-0.9009
20715800,-0.9555
20717668,-0.9555
20719540,-0.9321
20721420,-0.9321
20723296,-0.9477
20725168,-0.9477
20727040,-0.9048
20728904,-0.9516
20730784,-0.936
20732652,-0.936
20734512,-0.9009
20736376,-0.9594
20738244,-0.9204
20740108,-0.9204
20741976,-0.9204
20743840,-0.8931
20745708,-0.9243
20747580,-0.9243
20749460,-0.9243
20751324,-0.9204
20753192,-0.9204
20755060,-0.9048
20756924,-0.9165
20758800,-0.9165
20760672,-0.9165
20762544,-0.9165
20764420,-0.9009
20766280,-0.9048
20768144,-0.9048
20770012,-0.9243
20771892,-0.9165
20773764,-0.9282
20775644,-0.9282
20777520,-0.9243
20779392,-0.936
20781260,-0.9165
20783136,-0.9165
20785008,-0.936
20786884,-0.9204
20788744,-0.9204
20790612,-0.9438
20792484,-0.9477
20794352,-0.9204
20796228,-0.9204
20798088,-0.9087
20799948,-0.9009
20801816,-0.9282
20803680,-0.9282
20805552,-0.9204
20807420,-0.9243
20809292,-0.9243
20811160,-0.9243
20813032,-0.9126
20814904,-0.9282
20816776,-0.9165
20818656,-0.9165
20820532,-0.9321
20822404,-0.9321
20824276,-0.9321
20826148,-0.9321
20828020,-0.9399
20829892,-0.9126
20831772,-0.9126
20833644,-0.9204
20835512,-0.9165
20837384,-0.9399
20839256,-0.9399
20841128,-0.9087
20843000,-0.936
20844876,-0.9321
20846752,-0.9321
20848616,-0.9321
20850492,-0.9282
20852368,-0.9321
20854244,-0.9321
20856120,-0.9438
20857988,-0.9633
20859856,-0.9594
20861728,-0.9594
20863612,-0.9867
20865488,-0.9984
20867360,-0.9828
20869232,-0.9828
20871104,-0.9399
20872980,-0.9282
20874864,-0.9282
20876736,-0.9243
20878612,-0.9126
20880484,-0.9321
20882360,-0.9321
20884236,-0.9204
20886116,-0.8931
20887984,-0.8736
20889860,-0.8736
20891732,-0.897
20893596,-0.8931
20895464,-0.9087
20897332,-0.9087
20899200,-0.9126
20901076,-0.9048
20902940,-0.8658
20904816,-0.8658
20906688,-0.8268
20908564,-0.819
20910432,-0.8112
20912312,-0.8112
20914184,-0.8346
20916052,-0.8697
20917928,-0.8697
20919800,-0.8931
20921680,-0.9165
20923552,-0.9126
20925420,-0.9126
20927300,-0.9087
20929172,-0.9438
20931040,-0.9243
20932912,-0.9243
20934788,-0.9165
20936652,-0.8775
20938528,-0.858
20940404,-0.858
20942264,-0.8775
20944140,-0.858
20946004,-0.8853
20947880,-0.8853
20949756,-0.8073
20951628,-0.8502
20953500,-0.8502
20955372,-0.8424
20957248,-0.8502
20959116,-0.819
20960984,-0.819
20962848,-1.0101
20964728,-1.1349
20966612,-1.2012
20968492,-1.2012
20970376,-1.1934
20972264,-1.1193
20974144,-0.9633
20976020,-0.9633
20977892,-0.819
20979760,-0.7332
20981632,-0.7293
20983508,-0.7293
20985380,-0.7371
20987256,-0.7293
20989124,-0.7254
20990996,-0.7254
20992872,-0.7332
20994748,-0.78
20996608,-0.78
20998468,-0.8268
21000336,-0.8502
21002196,-0.8736
21004064,-0.8736
21005944,-0.9009
21007808,-0.9087
21009672,-0.9399
21011544,-0.9399
21013416,-0.9321
21015292,-0.9126
21017172,-0.9204
21019036,-0.9204
21020908,-0.9204
21022772,-0.9282
21024644,-0.9594
21026524,-0.9594
21028400,-0.8931
21030272,-0.8463
21032144,-0.8268
21034012,-0.8268
21035888,-0.8385
21037760,-0.8502
21039632,-0.8502
21041500,-0.8385
21043372,-0.8463
21045236,-0.8463
21047116,-0.8463
21048992,-0.8346
21050864,-0.8463
21052736,-0.8697
21054608,-0.8697
21056472,-0.8541
21058348,-0.8658
21060220,-0.8619
21062096,-0.8619
21063968,-0.858
21065832,-0.8541
21067708,-0.8697
21069580,-0.8697
21071460,-0.8814
21073336,-0.8931
21075212,-0.9087
21077072,-0.9087
21078944,-0.9438
21080812,-0.9516
21082688,-0.9516
21084560,-0.9594
21086428,-0.9516
21088308,-0.9399
21090176,-0.9399
21092052,-0.9204
21093924,-0.9126
21095800,-0.9048
21097664,-0.9048
21099528,-0.8853
21101404,-0.9009
21103260,-0.9126
21105140,-0.9126
21107012,-0.897
21108880,-0.9048
21110740,-0.897
21112600,-0.897
21114468,-0.8697
21116336,-0.8853
21118208,-0.8853
21120084,-0.8892
21121952,-0.8931
21123816,-0.8853
21125688,-0.8853
21127560,-0.8541
21129436,-0.8424
21131312,-0.8268
21133184,-0.8268
21135060,-0.8463
21136936,-0.8346
21138808,-0.8502
21140672,-0.8502
21142540,-0.8463
21144416,-0.8502
21146284,-0.8385
21148152,-0.8385
21150020,-0.8229
21151896,-0.8034
21153756,-0.8034
21155620,-0.7917
21157492,-0.8112
21159372,-0.8307
21161236,-0.8307
21163104,-0.8385
21164976,-0.8541
21166852,-0.8541
21168728,-0.8541
21170600,-0.8346
21172472,-0.8502
21174340,-0.8619
21176212,-0.8619
21178088,-0.858
21179956,-0.8346
21181832,-0.8385
21183704,-0.8385
21185576,-0.8346
21187448,-0.8307
21189320,-0.8502
21191180,-0.8502
21193052,-0.8541
21194924,-0.8697
21196788,-0.8697
21198668,-0.8502
21200532,-0.858
21202392,-0.8424
21204268,-0.8424
21206140,-0.8424
21208012,-0.858
21209880,-0.8697
21211752,-0.8697
21213628,-0.9048
21215492,-0.9165
21217372,-0.9282
21219240,-0.9282
21221112,-0.9477
21222988,-0.9555
21224860,-0.9828
21226736,-0.9828
21228608,-0.9672
21230480,-0.9672
21232356,-0.9672
21234232,-0.9828
21236104,-0.9945
21237976,-0.9984
21239848,-0.9984
21241724,-0.9789
21243584,-0.9906
21245456,-0.9789
21247328,-0.9789
21249204,-0.9984
21251080,-1.014
21252952,-1.0179
21254824,-1.0179
21256704,-1.014
21258576,-1.0218
21260456,-1.0374
21262324,-1.0374
21264208,-1.0452
21266084,-1.0374
21267960,-1.053
21269832,-1.053
21271704,-1.0413
21273580,-1.0764
21275464,-1.0764
21277340,-1.0725
21279220,-1.053
21281092,-1.0608
21282960,-1.0608
21284832,-1.0452
21286716,-1.0335
21288592,-1.0413
21290476,-1.0413
21292356,-1.0179
21294240,-1.0374
21296108,-1.0023
21297988,-1.0023
21299868,-1.0218
21301748,-1.0062
21303616,-0.9945
21305488,-0.9945
21307356,-0.9828
21309228,-0.9906
21311096,-0.9867
21312964,-0.9867
21314836,-0.9945
21316708,-0.9867
21318580,-0.9867
21320456,-0.9867
21322328,-0.975
21324200,-0.9516
21326072,-0.9516
21327944,-0.9789
21329812,-0.975
21331684,-1.0023
21333556,-1.0023
21335428,-0.9906
21337296,-0.9711
21339172,-0.9789
21341040,-0.9789
21342916,-1.0179
21344800,-1.0335
21346672,-1.0413
21348552,-1.0413
21350432,-0.9906
21352304,-1.0179
21354176,-0.9906
21356044,-0.9906
21357912,-1.0296
21359792,-1.1193
21361676,-1.1193
21363560,-1.3611
21365444,-1.1115
21367332,-1.1115
21369224,-1.1115
21371116,-1.1466
21373008,-1.3143
21374896,-1.4859
21376776,-1.4859
21378656,-1.7004
21380532,-1.1973
21382420,-1.794
21384296,-1.794
21386172,-3.588
21388044,-3.3111
21389924,-5.0232
21391804,-5.0232
21393680,-8.2485
21395556,-15.1632
21397492,-15.9432
21399432,-15.9432
21401372,-15.9744
21403312,-10.0776
21405240,4.4148
21407116,4.4148
21408992,13.1196
21410920,15.8535
21412852,15.9627
21414792,15.9627
21416716,15.9666
21418640,15.9666
21420572,15.9666
21422500,15.9666
21424432,15.9666
21426360,10.764
21428284,1.3767
21430160,1.3767
21432040,-7.4412
21433924,-14.7693
21435856,-15.9276
21437788,-15.9744
21439724,-15.9744
21441660,-15.9744
21443596,-15.9744
21445528,-15.9744
21447460,-15.9744
21449396,-12.2031
21451332,-5.3508
21453212,3.7479
21455088,3.7479
21456964,11.5167
21458892,15.717
21460812,15.9549
21462736,15.9549
21464664,15.9666
21466596,15.9666
21468524,15.6975
21470452,15.6975
21472380,10.7445
21474312,4.1106
21476188,-2.8002
21478052,-2.8002
21479916,-8.7711
21481800,-13.2327
21483740,-15.7677
21485676,-15.7677
21487608,-15.9666
21489552,-15.9744
21491484,-14.547
21493416,-14.547
21495344,-10.7796
21497280,-5.7759
21499160,0.039
21501008,0.039
21502860,6.0879
21504736,11.0136
21506656,13.4706
21508580,13.4706
21510496,14.3442
21512420,13.3731
21514356,11.1774
21516292,11.1774
21518224,7.9872
21520096,3.9234
21521964,-0.5304
21523828,-0.5304
21525700,-4.6254
21527576,-8.1393
21529460,-10.3701
21531388,-10.3701
21533312,-11.8833
21535252,-11.7975
21537180,-10.7601
21539112,-10.7601
21541044,-8.5644
21542928,-5.5185
21544812,-1.4274
21546696,-1.4274
21548576,3.6543
21550456,6.8679
21552328,8.7594
21554200,8.7594
21556076,8.9583
21557940,8.3772
21559812,6.6144
21561688,6.6144
21563560,4.2822
21565428,1.5912
21567312,-1.248
21569192,-1.248
21571068,-3.7089
21572944,-5.7993
21574820,-7.1058
21576692,-7.1058
21578572,-7.7259
21580456,-7.5504
21582332,-6.5793
21584216,-6.5793
21586096,-4.9764
21587976,-2.886
21589848,-2.886
21591712,-0.819
21593576,1.0413
21595456,2.6754
21597332,2.6754
21599200,3.7089
21601064,4.2354
21602940,4.1028
21604816,4.1028
21606688,3.5451
21608564,2.4843
21610436,1.1661
21612312,1.1661
21614196,-0.2808
21616064,-1.8213
21617948,-3.081
21619824,-3.081
21621696,-4.0599
21623568,-4.6137
21625444,-4.7697
21627328,-4.7697
21629204,-4.407
21631068,-3.6426
21632952,-3.6426
21634828,-2.769
21636704,-1.4235
21638588,-0.312
21640460,-0.312
21642328,0.7956
21644192,1.4586
21646064,1.9812
21647948,1.9812
21649824,1.9734
21651704,1.7199
21653576,1.2519
21655456,1.2519
21657336,0.4836
21659204,-0.2886
21661068,-1.2285
21662952,-1.2285
21664840,-1.95
21666716,-2.5272
21668592,-2.8158
21670472,-2.8158
21672356,-2.9913
21674236,-2.8509
21676116,-2.8509
21677988,-2.5896
21679860,-2.0748
21681732,-1.5483
21683612,-1.5483
21685496,-0.9243
21687376,-0.4017
21689244,0.0234
21691088,0.0234
21692956,0.3315
21694824,0.4797
21696692,0.5499
21698548,0.5499
21700416,0.4017
21702276,0.1248
21704136,-0.2184
21706004,-0.2184
21707880,-0.6201
21709752,-1.0413
21711636,-1.0413
21713520,-1.4196
21715408,-1.7082
21717288,-1.8954
21719164,-1.8954
21721044,-2.0397
21722920,-1.9968
21724804,-1.8993
21726684,-1.8993
21728568,-1.6653
21730460,-1.3806
21732336,-1.0803
21734212,-1.0803
21736080,-0.7098
21737940,-0.4875
21739812,-0.2184
21741688,-0.2184
21743560,-0.0819
21745424,-0.0117
21747284,-0.0429
21749144,-0.0429
21751016,-0.1755
21752888,-0.3939
21754760,-0.6435
21756644,-0.6435
21758524,-0.9009
21760384,-1.1817
21762264,-1.1817
21764148,-1.404
21766024,-1.5561
21767904,-1.6302
21769780,-1.6302
21771660,-1.6497
21773540,-1.56
21775412,-1.4118
21777300,-1.4118
21779180,-1.2246
21781064,-0.9828
21782936,-0.7956
21784816,-0.7956
21786688,-0.6006
21788552,-0.4602
21790416,-0.3822
21792280,-0.3822
21794152,-0.3588
21796024,-0.4173
21797900,-0.5031
21799768,-0.5031
21801640,-0.6396
21803520,-0.78
21805380,-0.78
21807240,-0.9477
21809100,-1.0998
21810976,-1.209
21812860,-1.209
21814724,-1.3026
21816604,-1.3338
21818484,-1.3299
21820372,-1.3299
21822252,-1.2909
21824128,-1.2129
21826012,-1.1154
21827904,-1.1154
21829788,-0.9789
21831656,-0.8619
21833520,-0.7566
21835388,-0.7566
21837264,-0.663
21839132,-0.624
21841000,-0.5928
21842872,-0.5928
21844748,-0.6201
21846620,-0.6591
21848496,-0.6591
21850368,-0.7293
21852240,-0.8229
21854112,-0.897
21855980,-0.897
21857844,-0.9828
21859716,-1.0647
21861596,-1.1544
21863480,-1.1544
21865364,-1.1739
21867248,-1.1778
21869128,-1.1583
21871020,-1.1583
21872908,-1.1154
21874792,-1.0569
21876672,-0.9945
21878548,-0.9945
21880428,-0.9243
21882304,-0.8541
21884176,-0.7878
21886044,-0.7878
21887920,-0.7449
21889796,-0.7137
21891664,-0.7137
21893540,-0.7176
21895412,-0.7293
21897280,-0.7761
21899156,-0.7761
21901036,-0.7956
21902912,-0.8814
21904788,-0.9243
21906660,-0.9243
21908532,-0.9945
21910404,-1.0296
21912292,-1.0803
21914164,-1.0803
21916040,-1.092
21917916,-1.0881
21919800,-1.0764
21921676,-1.0764
21923560,-1.0218
21925436,-0.78
21927296,-0.6552
21929164,-0.6552
21931036,-0.507
21932900,-0.4914
21934772,-0.4914
21936644,-0.4641
21938520,-0.7137
21940396,-0.9516
21942260,-0.9516
21944140,-1.1154
21946028,-1.1466
21947916,-1.1154
21949804,-1.1154
21951696,-1.0179
21953576,-0.8931
21955448,-0.7215
21957328,-0.7215
21959208,-0.5811
21961080,-0.6045
21962944,-0.7995
21964816,-0.7995
21966688,-0.9828
21968564,-1.0257
21970452,-1.0218
21972328,-1.0218
21974204,-0.9828
21976072,-0.936
21977944,-0.936
21979804,-0.9243
21981672,-0.9204
21983540,-0.9204
21985408,-0.9204
21987272,-0.9165
21989140,-0.8853
21991020,-0.8931
21992892,-0.8931
21994764,-0.8931
21996636,-0.8892
21998508,-0.8814
22000376,-0.8814
22002244,-0.897
22004108,-0.897
22005976,-0.8775
22007860,-0.8775
22009732,-0.8619
22011600,-0.8307
22013472,-0.819
22015340,-0.819
22017212,-0.8268
22019088,-0.8268
22020960,-0.8268
22022836,-0.8697
22024716,-0.9126
22026592,-0.936
22028456,-0.936
22030320,-0.9516
22032200,-0.936
22034068,-0.9126
22035940,-0.9126
22037812,-0.9165
22039684,-0.9438
22041548,-0.975
22043420,-0.975
22045288,-0.9867
22047152,-0.9945
22049024,-0.9867
22050896,-0.9867
22052772,-0.9516
22054652,-0.9087
22056524,-0.9087
22058392,-0.8775
22060272,-0.8658
22062144,-0.8541
22064020,-0.8541
22065896,-0.8502
22067768,-0.8853
22069640,-0.897
22071508,-0.897
22073380,-0.8892
22075252,-0.8931
22077124,-0.897
22078996,-0.897
22080864,-0.9282
22082740,-0.9204
22084600,-0.9243
22086480,-0.9243
22088352,-0.8658
22090224,-0.8385
22092100,-0.8346
22093972,-0.8346
22095840,-0.8736
22097716,-0.8736
22099584,-0.8736
22101448,-0.8775
22103324,-0.8892
22105196,-0.8853
22107068,-0.8853
22108936,-0.8697
22110800,-0.8736
22112676,-0.8619
22114548,-0.8619
22116424,-0.8385
22118296,-0.8034
22120160,-0.78
22122020,-0.78
22123876,-0.7722
22125748,-0.7722
22127612,-0.7683
22129492,-0.7683
22131368,-0.78
22133232,-0.7683
22135100,-0.7683
22136980,-0.7683
22138844,-0.7917
22140720,-0.7995
22142600,-0.7995
22144476,-0.8112
22146352,-0.8073
22148216,-0.8151
22150092,-0.8151
22151972,-0.8268
22153852,-0.8346
22155720,-0.8658
22157592,-0.8658
22159464,-0.8775
22161340,-0.9165
22163212,-0.9399
22165084,-0.9399
22166956,-0.9321
22168836,-0.936
22170700,-0.9204
22172572,-0.9204
22174432,-0.9048
22176292,-0.8892
22178168,-0.8892
22180040,-0.8931
22181916,-0.8814
22183788,-0.8931
22185652,-0.8931
22187536,-0.9048
22189400,-0.9204
22191272,-0.9204
22193136,-0.9204
22194996,-0.9204
22196860,-0.9204
22198720,-0.9243
22200596,-0.9243
22202468,-0.9048
22204332,-0.9048
22206196,-0.8853
22208064,-0.8853
22209936,-0.9009
22211800,-0.9009
22213656,-0.9009
22215516,-0.9126
22217388,-0.9399
22219260,-0.9594
22221136,-0.9594
22223008,-0.9867
22224876,-0.9828
22226752,-1.0101
22228632,-1.0101
22230508,-0.9945
22232384,-0.9984
22234260,-0.9906
22236124,-0.9906
22237988,-0.9867
22239860,-0.9867
22241724,-1.0101
22243604,-1.0101
22245476,-0.9906
22247344,-1.0023
22249216,-1.0023
22251092,-0.9555
22252968,-0.9906
22254836,-0.9828
22256708,-0.9828
22258584,-0.9789
22260456,-0.9477
22262336,-1.0062
22264208,-1.0062
22266084,-0.9321
22267960,-0.9516
22269832,-0.9789
22271712,-0.9789
22273580,-0.9516
22275452,-0.9165
22277324,-1.0452
22279204,-1.0452
22281080,-0.9204
22282948,-0.9165
22284812,-1.0647
22286688,-1.0647
22288564,-0.9516
22290428,-0.9711
22292308,-0.9711
22294188,-1.0491
22296068,-1.0998
22297940,-0.9828
22299812,-0.9828
22301680,-0.9906
22303548,-1.0296
22305424,-1.0452
22307304,-1.0452
22309180,-1.0608
22311048,-0.9711
22312920,-1.0023
22314796,-1.0023
22316676,-1.0374
22318560,-1.0335
22320436,-1.0101
22322308,-1.0101
22324180,-0.9984
22326056,-1.0023
22327928,-1.0608
22329804,-1.0608
22331676,-0.9399
22333552,-0.858
22335420,-0.858
22337284,-0.9165
22339152,-0.8619
22341020,-0.8658
22342896,-0.8658
22344768,-0.8658
22346640,-0.858
22348512,-0.8424
22350380,-0.8424
22352256,-0.8424
22354128,-0.8424
22356000,-0.8853
22357872,-0.8853
22359748,-0.7761
22361620,-0.7956
22363488,-0.8229
22365364,-0.8229
22367236,-0.8424
22369108,-0.8073
22370980,-0.8307
22372844,-0.8307
22374712,-0.9633
22376596,-1.0452
22378468,-1.0452
22380344,-0.7956
22382216,-1.0764
22384092,-1.3962
22385972,-1.3962
22387860,-1.8642
22389740,-2.9523
22391628,-4.0833
22393504,-4.0833
22395384,-6.2556
22397272,-7.1253
22399164,-3.1512
22401052,-3.1512
22402936,0.1287
22404800,7.0707
22406660,6.5286
22408532,6.5286
22410404,2.7417
22412272,-4.8945
22414156,-13.1352
22416092,-13.1352
22418028,-15.8613
22419964,-15.9705
22421896,-13.9776
22423828,-13.9776
22425760,1.7316
22427636,5.8539
22429516,15.366
22431436,15.366
22433360,15.9432
22435280,15.9666
22437212,15.9666
22439140,15.9666
22441068,15.9666
22442996,15.9666
22444932,12.7686
22446856,12.7686
22448780,4.8516
22450660,-4.017
22452528,-12.7569
22454460,-12.7569
22456392,-15.7209
22458320,-15.9627
22460252,-15.9744
22462180,-15.9744
22464116,-15.9744
22466048,-15.9744
22467980,-13.5135
22469916,-8.2953
22471800,-8.2953
22473680,0.7761
22475552,7.6635
22477432,7.6635
22479304,14.7615
22481228,15.9198
22483160,15.9666
22485088,15.9666
22487020,15.9666
22488952,15.9666
22490876,12.6672
22492800,6.2712
22494684,6.2712
22496568,-0.3393
22498444,-6.2907
22500312,-11.6064
22502240,-11.6064
22504168,-14.8434
22506096,-15.9237
22508028,-15.9705
22509960,-15.9705
22511888,-15.015
22513812,-11.9613
22515744,-7.1877
22517628,-7.1877
22519512,-2.1801
22521388,3.8025
22523260,9.2664
22525132,9.2664
22527004,12.3747
22528932,13.8645
22530856,13.3107
22532780,13.3107
22534708,11.7039
22536632,8.697
22538496,5.0934
22540360,5.0934
22542220,0.8502
22544080,-3.3852
22545956,-6.8055
22547832,-6.8055
22549708,-9.5745
22551588,-11.1813
22553524,-11.1813
22555464,-11.7039
22557392,-10.881
22559316,-9.1884
22561196,-6.4311
22563084,-6.4311
22564968,-2.4024
22566848,2.3361
22568728,2.3361
22570612,5.7915
22572488,7.8819
22574360,8.4669
22576236,8.4669
22578108,8.1666
22579980,6.7314
22581860,4.6293
22583732,4.6293
22585604,2.0709
22587464,-0.4875
22589328,-2.9172
22591216,-2.9172
22593096,-5.031
22594972,-6.513
22596852,-7.3125
22598732,-7.3125
22600620,-7.2462
22602500,-6.4584
22604376,-5.0154
22606260,-5.0154
22608132,-3.1824
22610012,-1.2675
22611896,0.5382
22613764,0.5382
22615624,1.9929
22617496,3.0771
22619364,3.0771
22621240,3.6738
22623116,3.7245
22624992,3.3267
22626864,3.3267
22628740,2.5116
22630612,1.287
22632484,0.0156
22634336,0.0156
22636196,-1.4196
22638084,-2.6247
22639968,-3.588
22641844,-3.588
22643708,-4.2042
22645592,-4.3992
22647476,-4.212
22649356,-4.212
22651228,-3.6153
22653108,-2.8158
22654988,-1.6419
22656876,-1.6419
22658756,-0.6474
22660628,0.3237
22662496,0.3237
22664368,1.0647
22666236,1.4937
22668124,1.7238
22670008,1.7238
22671892,1.5288
22673772,1.1349
22675652,0.5382
22677520,0.5382
22679384,-0.1755
22681248,-0.9321
22683120,-1.5483
22685000,-1.5483
22686888,-2.262
22688760,-2.4882
22690644,-2.7807
22692516,-2.7807
22694384,-2.652
22696260,-2.4999
22698136,-2.1567
22700008,-2.1567
22701896,-1.6497
22703780,-1.1817
22705668,-1.1817
22707560,-0.5733
22709432,-0.2145
22711308,0.1599
22713176,0.1599
22715036,0.3081
22716896,0.3315
22718764,0.3003
22720628,0.3003
22722476,0.0585
22724328,-0.2067
22726196,-0.5655
22728072,-0.5655
22729948,-0.9672
22731820,-1.2636
22733704,-1.5873
22735588,-1.5873
22737468,-1.7082
22739352,-1.8447
22741232,-1.8603
22743116,-1.8603
22744992,-1.7628
22746876,-1.6107
22748752,-1.6107
22750632,-1.3416
22752512,-1.1193
22754400,-0.8151
22756276,-0.8151
22758156,-0.5772
22760040,-0.4017
22761912,-0.2379
22763784,-0.2379
22765660,-0.1443
22767536,-0.1482
22769412,-0.234
22771276,-0.234
22773144,-0.4368
22775024,-0.6396
22776900,-0.8892
22778772,-0.8892
22780648,-1.0998
22782520,-1.3104
22784400,-1.4469
22786280,-1.4469
22788164,-1.5093
22790044,-1.521
22791924,-1.4547
22793808,-1.4547
22795696,-1.3338
22797584,-1.1856
22799468,-1.1856
22801356,-1.0062
22803228,-0.8307
22805096,-0.6864
22806960,-0.6864
22808836,-0.5616
22810712,-0.507
22812572,-0.4875
22814444,-0.4875
22816308,-0.5187
22818184,-0.5928
22820056,-0.6747
22821928,-0.6747
22823804,-0.7722
22825680,-0.8853
22827556,-0.9867
22829428,-0.9867
22831304,-1.1271
22833196,-1.1934
22835084,-1.2597
22836968,-1.2597
22838848,-1.2558
22840736,-1.2558
22842624,-1.2051
22844508,-1.2051
22846392,-1.1076
22848276,-1.0218
22850160,-1.0218
22852040,-0.9126
22853912,-0.8229
22855784,-0.7527
22857660,-0.7527
22859532,-0.6864
22861408,-0.6552
22863284,-0.663
22865152,-0.663
22867024,-0.6903
22868896,-0.4758
22870768,-0.3588
22872636,-0.3588
22874508,-0.4095
22876380,-0.6942
22878260,-1.0218
22880140,-1.0218
22882024,-1.3533
22883908,-1.5015
22885788,-1.4586
22887676,-1.4586
22889560,-1.3104
22891448,-1.0803
22893320,-1.0803
22895188,-0.9126
22897064,-0.78
22898924,-0.7488
22900792,-0.7488
22902664,-0.7488
22904532,-0.7527
22906404,-0.7839
22908272,-0.7839
22910148,-0.7761
22912024,-0.5616
22913896,-0.3861
22915776,-0.3861
22917652,-0.4407
22919516,-0.9243
22921396,-1.1895
22923276,-1.1895
22925164,-1.2402
22927044,-1.1934
22928932,-1.1427
22930820,-1.1427
22932708,-1.1037
22934588,-1.0296
22936468,-1.014
22938348,-1.014
22940224,-0.9789
22942096,-0.9438
22943968,-0.9438
22945844,-0.8892
22947712,-0.8736
22949596,-0.8502
22951468,-0.8502
22953336,-0.8697
22955208,-0.858
22957076,-0.8853
22958952,-0.8853
22960828,-0.8736
22962704,-0.8814
22964576,-0.8892
22966448,-0.8892
22968312,-0.897
22970184,-0.8931
22972056,-0.8814
22973928,-0.8814
22975800,-0.8853
22977676,-0.8892
22979540,-0.8892
22981416,-0.9126
22983296,-0.9321
22985176,-0.9282
22987044,-0.9282
22988916,-0.9243
22990792,-0.936
22992660,-0.9204
22994520,-0.9204
22996396,-0.8853
22998268,-0.8736
23000144,-0.8541
23002016,-0.8541
23003892,-0.8229
23005768,-0.8034
23007636,-0.8229
23009512,-0.8229
23011384,-0.8112
23013260,-0.819
23015136,-0.8424
23017000,-0.8424
23018876,-0.8697
23020748,-0.8892
23022620,-0.8892
23024492,-0.9126
23026372,-0.9165
23028252,-0.9165
23030124,-0.9165
23031996,-0.9087
23033864,-0.8658
23035732,-0.8502
23037604,-0.8502
23039468,-0.8151
23041348,-0.78
23043208,-0.7722
23045068,-0.7722
23046944,-0.7839
23048820,-0.7995
23050692,-0.8112
23052568,-0.8112
23054440,-0.8073
23056304,-0.7917
23058176,-0.7878
23060048,-0.7878
23061920,-0.7956
23063792,-0.7956
23065664,-0.7956
23067536,-0.8034
23069408,-0.8151
23071276,-0.8268
23073148,-0.8268
23075020,-0.8385
23076892,-0.8463
23078764,-0.8658
23080640,-0.8658
23082512,-0.8658
23084384,-0.8736
23086260,-0.8541
23088132,-0.8541
23090008,-0.8502
23091876,-0.8619
23093744,-0.858
23095612,-0.858
23097484,-0.8385
23099352,-0.8775
23101228,-0.8775
23103100,-0.8892
23104964,-0.8892
23106836,-0.8697
23108708,-0.8697
23110580,-0.858
23112452,-0.8307
23114316,-0.8268
23116188,-0.8268
23118064,-0.7839
23119936,-0.7878
23121812,-0.7956
23123676,-0.7956
23125544,-0.8073
23127412,-0.8073
23129284,-0.8541
23131156,-0.8541
23133032,-0.8619
23134904,-0.8814
23136784,-0.8814
23138656,-0.8814
23140528,-0.8892
23142392,-0.8931
23144276,-0.8931
23146152,-0.9087
23148020,-0.9204
23149888,-0.9048
23151756,-0.9048
23153620,-0.9126
23155492,-0.936
23157368,-0.9555
23159236,-0.9555
23161108,-0.9555
23162980,-0.9672
23164856,-0.9594
23166728,-0.9594
23168604,-0.9282
23170480,-0.9399
23172348,-0.9555
23174224,-0.9555
23176096,-0.9555
23177972,-0.9594
23179848,-0.9594
23181720,-0.9633
23183596,-0.9633
23185468,-0.9633
23187340,-0.9633
23189220,-0.9633
23191096,-0.9672
23192972,-0.975
23194836,-0.975
23196708,-0.9711
23198584,-0.9672
23200464,-0.9945
23202328,-0.9945
23204200,-0.9984
23206072,-1.0179
23207956,-1.0296
23209832,-1.0296
23211708,-1.0608
23213580,-1.0803
23215452,-1.0959
23217328,-1.0959
23219196,-1.0842
23221080,-1.0881
23222964,-1.0881
23224840,-1.0881
23226716,-1.0686
23228592,-1.0452
23230464,-1.0452
23232348,-1.014
23234220,-1.0257
23236092,-1.014
23237968,-1.014
23239844,-1.0023
23241712,-0.9984
23243596,-0.9945
23245472,-0.9945
23247340,-0.9984
23249212,-0.9984
23251092,-0.9945
23252960,-0.9945
23254836,-0.9867
23256712,-0.9945
23258580,-0.9789
23260448,-0.9789
23262324,-0.9711
23264200,-0.9789
23266076,-0.9789
23267956,-0.9633
23269836,-0.9516
23271708,-0.9555
23273576,-0.9555
23275452,-0.9438
23277320,-0.9282
23279188,-0.9243
23281060,-0.9243
23282932,-0.9048
23284800,-0.9048
23286668,-0.897
23288532,-0.897
23290396,-0.8736
23292272,-0.8736
23294148,-0.8736
23296020,-0.8736
23297892,-0.8463
23299768,-0.8385
23301644,-0.8424
23303516,-0.8424
23305388,-0.8151
23307260,-0.7995
23309136,-0.7995
23311008,-0.7878
23312884,-0.7917
23314760,-0.7839
23316632,-0.7839
23318496,-0.7917
23320372,-0.7917
23322240,-0.7917
23324108,-0.7917
23325980,-0.8073
23327852,-0.7995
23329724,-0.7995
23331592,-0.7995
23333468,-0.7878
23335344,-0.7761
23337220,-0.7683
23339092,-0.7683
23340968,-0.7839
23342844,-0.7917
23344724,-0.8034
23346592,-0.8034
23348460,-0.8619
23350340,-0.897
23352204,-0.897
23354068,-0.9204
23355932,-0.9243
23357808,-1.1544
23359692,-1.1544
23361580,-0.9789
23363452,-1.0803
23365328,-1.3416
23367208,-1.3416
23369096,-1.3884
23370980,-1.9149
23372864,-5.0271
23374744,-5.0271
23376624,-10.5729
23378556,-15.3309
23380492,-15.9471
23382428,-15.9471
23384364,-15.9744
23386300,-15.9744
23388232,-7.761
23390112,-7.761
23391992,11.427
23393916,15.7872
23395848,15.9588
23397776,15.9588
23399704,15.9666
23401632,15.9666
23403560,15.9666
23405488,15.9666
23407412,15.9666
23409336,15.9666
23411268,10.9902
23413192,-0.234
23415060,-0.234
23416928,-11.0916
23418860,-15.7482
23420796,-15.9666
23422732,-15.9666
23424676,-15.9744
23426612,-15.9744
23428544,-15.9744
23430476,-15.9744
23432408,-15.9744
23434340,-14.3325
23436276,-5.928
23438160,-5.928
23440036,4.8204
23441900,14.7147
23443824,15.9159
23445752,15.9159
23447688,15.9627
23449620,15.9666
23451548,15.9666
23453472,15.9666
23455404,15.9666
23457328,13.2483
23459260,5.3235
23461144,5.3235
23463020,-3.4515
23464896,-10.9863
23466828,-15.5766
23468760,-15.5766
23470696,-15.9588
23472632,-15.9744
23474572,-15.9744
23476508,-15.9744
23478440,-15.9744
23480372,-13.5057
23482300,-7.2774
23484180,0.0156
23486040,0.0156
23487908,8.2797
23489780,14.9721
23491708,14.9721
23493644,15.9276
23495576,15.9666
23497500,15.9666
23499432,15.2295
23501360,15.2295
23503292,11.0955
23505220,5.6628
23507092,-0.3003
23508952,-0.3003
23510816,-5.8071
23512696,-10.4286
23514628,-13.4433
23516568,-13.4433
23518508,-15.0852
23520440,-15.1476
23522380,-13.8957
23524312,-13.8957
23526248,-11.0838
23528172,-7.2267
23530052,-1.6692
23531940,-1.6692
23533828,4.1067
23535708,9.6876
23537576,12.6243
23539504,12.6243
23541432,13.3068
23543352,12.3942
23545280,9.9879
23547160,9.9879
23549036,6.5988
23550908,2.9055
23552780,-1.2207
23554652,-1.2207
23556532,-4.5864
23558408,-7.6986
23560284,-9.6057
23562156,-9.6057
23564036,-10.6938
23565972,-10.5183
23567904,-9.3171
23569792,-9.3171
23571680,-6.7782
23573564,-3.4944
23575444,-3.4944
23577328,-0.3276
23579208,2.4258
23581080,4.6605
23582952,4.6605
23584828,6.1113
23586704,6.6924
23588576,6.4506
23590448,6.4506
23592320,5.538
23594196,3.9
23596056,1.8369
23597928,1.8369
23599800,-0.351
23601664,-2.5662
23603548,-4.3407
23605424,-4.3407
23607292,-5.7369
23609176,-6.5091
23611052,-6.6183
23612936,-6.6183
23614816,-6.1386
23616700,-4.9764
23618584,-3.4866
23620468,-3.4866
23622348,-1.6263
23624236,0.2535
23626108,0.2535
23627980,1.9344
23629864,3.2058
23631728,3.8181
23633604,3.8181
23635476,3.8571
23637352,3.3033
23639224,2.4687
23641084,2.4687
23642964,1.1622
23644840,-0.1716
23646712,-1.5756
23648596,-1.5756
23650484,-2.8158
23652368,-3.7479
23654248,-4.1925
23656132,-4.1925
23658016,-4.4577
23659896,-4.1691
23661780,-3.6036
23663660,-3.6036
23665536,-2.7339
23667420,-1.677
23669300,-0.6123
23671172,-0.6123
23673048,0.3471
23674916,0.9243
23676788,0.9243
23678648,1.56
23680524,1.7238
23682396,1.6107
23684276,1.6107
23686152,1.2402
23688024,0.6162
23689888,-0.117
23691756,-0.117
23693628,-0.9087
23695500,-1.5951
23697380,-2.2035
23699252,-2.2035
23701128,-2.5545
23703008,-2.7651
23704892,-2.7456
23706780,-2.7456
23708648,-2.574
23710532,-2.2425
23712416,-1.7745
23714300,-1.7745
23716188,-1.2558
23718072,-0.7176
23719952,-0.7176
23721828,-0.2418
23723704,0.1482
23725568,0.4134
23727440,0.4134
23729312,0.5148
23731176,0.4797
23733048,0.2535
23734908,0.2535
23736780,-0.0507
23738644,-0.4758
23740512,-0.8892
23742384,-0.8892
23744252,-1.2831
23746132,-1.6536
23748020,-1.8837
23749904,-1.8837
23751792,-2.0163
23753676,-2.0124
23755552,-1.9071
23757440,-1.9071
23759320,-1.7043
23761196,-1.3962
23763076,-1.3962
23764960,-1.0881
23766832,-0.7332
23768708,-0.4368
23770584,-0.4368
23772456,-0.2028
23774324,-0.0663
23776192,-0.0156
23778056,-0.0156
23779916,-0.0741
23781780,-0.2301
23783652,-0.4524
23785528,-0.4524
23787400,-0.7059
23789260,-0.9789
23791128,-1.2285
23793012,-1.2285
23794900,-1.4235
23796788,-1.5483
23798672,-1.6029
23800552,-1.6029
23802428,-1.56
23804300,-1.4937
23806184,-1.4937
23808072,-1.365
23809956,-1.17
23811832,-0.9984
23813700,-0.9984
23815576,-0.819
23817440,-0.6669
23819316,-0.5343
23821188,-0.5343
23823072,-0.4485
23824948,-0.4329
23826824,-0.4485
23828696,-0.4485
23830568,-0.5148
23832444,-0.6357
23834324,-0.7605
23836200,-0.7605
23838068,-0.9126
23839944,-1.0569
23841824,-1.1622
23843708,-1.1622
23845596,-1.2597
23847480,-1.2987
23849364,-1.3026
23851256,-1.3026
23853136,-1.2558
23855016,-1.1817
23856904,-1.1817
23858784,-1.0881
23860664,-0.9867
23862532,-0.897
23864404,-0.897
23866272,-0.6279
23868140,-0.4173
23870016,-0.2847
23871888,-0.2847
23873764,-0.4524
23875636,-0.6591
23877512,-0.8658
23879392,-0.8658
23881260,-0.9672
23883132,-1.0296
23885012,-1.014
23886884,-1.014
23888756,-0.9633
23890624,-0.9087
23892496,-0.8892
23894372,-0.8892
23896244,-0.9165
23898120,-0.9633
23899992,-0.9633
23901876,-0.9828
23903748,-0.9867
23905624,-0.9399
23907496,-0.9399
23909368,-0.9009
23911236,-0.819
23913100,-0.2925
23914968,-0.2925
23916844,-0.3471
23918716,-0.5382
23920592,-0.8814
23922472,-0.8814
23924348,-0.936
23926220,-1.0491
23928100,-1.0686
23929976,-1.0686
23931852,-1.0842
23933732,-1.1115
23935624,-1.1154
23937516,-1.1154
23939408,-1.1505
23941288,-1.1076
23943156,-1.0647
23945040,-1.0647
23946920,-1.0296
23948796,-0.9945
23950672,-0.9945
23952548,-0.9906
23954408,-0.9711
23956284,-0.9516
23958164,-0.9516
23960044,-0.9321
23961920,-0.9048
23963784,-0.9087
23965652,-0.9087
23967512,-0.8892
23969388,-0.8658
23971252,-0.8502
23973124,-0.8502
23974992,-0.8229
23976868,-0.8151
23978736,-0.8034
23980612,-0.8034
23982484,-0.7761
23984372,-0.7683
23986244,-0.7683
23988116,-0.7605
23989992,-0.78
23991852,-0.7956
23993720,-0.7956
23995596,-0.7956
23997472,-0.8151
23999348,-0.8424
24001224,-0.8424
24003096,-0.8658
24004968,-0.8853
24006840,-0.9048
24008700,-0.9048
24010576,-0.897
24012440,-0.8892
24014308,-0.8853
24016180,-0.8853
24018052,-0.8697
24019920,-0.8658
24021792,-0.8502
24023672,-0.8502
24025532,-0.8697
24027408,-0.8619
24029280,-0.8619
24031152,-0.8658
24033028,-0.8658
24034892,-0.8814
24036768,-0.8814
24038644,-0.9087
24040508,-0.9009
24042372,-0.9126
24044244,-0.9126
24046124,-0.9555
24047992,-0.9672
24049868,-0.9516
24051744,-0.9516
24053616,-0.9594
24055492,-0.9204
24057356,-0.9048
24059224,-0.9048
24061092,-0.8736
24062964,-0.8424
24064848,-0.8424
24066720,-0.8385
24068596,-0.8268
24070468,-0.8424
24072340,-0.8424
24074204,-0.8463
24076080,-0.8502
24077952,-0.8658
24079816,-0.8658
24081688,-0.8619
24083564,-0.8619
24085436,-0.8502
24087304,-0.8502
24089168,-0.858
24091036,-0.8658
24092912,-0.819
24094780,-0.819
24096648,-0.8151
24098516,-0.8268
24100392,-0.8346
24102268,-0.8346
24104140,-0.8346
24106012,-0.8307
24107880,-0.8307
24109744,-0.8385
24111612,-0.8229
24113488,-0.8619
24115364,-0.8619
24117228,-0.8814
24119104,-0.8814
24120980,-0.9165
24122848,-0.9165
24124720,-0.9087
24126588,-0.897
24128456,-0.9165
24130324,-0.9165
24132208,-0.9165
24134084,-0.9048
24135948,-0.8853
24137828,-0.8853
24139700,-0.8736
24141568,-0.8736
24143448,-0.8736
24145328,-0.9165
24147204,-0.9243
24149076,-0.9087
24150940,-0.9087
24152804,-0.9438
24154672,-0.9516
24156548,-0.9516
24158420,-0.9516
24160292,-0.9594
24162164,-0.9672
24164032,-0.9243
24165904,-0.9243
24167776,-0.9789
24169644,-0.9126
24171516,-0.9945
24173392,-0.9945
24175260,-0.9672
24177136,-1.014
24179012,-0.9945
24180884,-0.9945
24182752,-1.0374
24184632,-1.0257
24186516,-1.0257
24188396,-1.0686
24190272,-1.014
24192148,-1.053
24194016,-1.053
24195892,-1.0452
24197764,-1.0023
24199640,-1.0179
24201520,-1.0179
24203396,-0.9594
24205260,-0.9438
24207128,-0.9711
24209016,-0.9711
24210892,-1.0569
24212768,-0.9282
24214640,-0.9204
24216508,-0.9204
24218368,-0.9477
24220236,-0.9984
24222108,-0.9711
24223988,-0.9711
24225860,-0.9789
24227732,-0.9906
24229604,-0.9906
24231464,-0.9945
24233340,-0.9906
24235208,-0.9828
24237084,-0.9828
24238956,-0.9828
24240824,-0.9789
24242688,-0.9516
24244564,-0.9516
24246436,-0.9438
24248304,-0.9477
24250180,-0.936
24252052,-0.936
24253912,-0.9321
24255792,-0.9165
24257664,-0.9165
24259532,-0.9165
24261408,-0.9048
24263280,-0.8892
24265148,-0.8892
24267024,-0.8931
24268900,-0.8853
24270768,-0.8658
24272644,-0.8658
24274516,-0.8736
24276392,-0.8658
24278264,-0.8346
24280140,-0.8346
24282012,-0.8541
24283888,-0.8697
24285764,-0.8736
24287636,-0.8736
24289512,-0.8346
24291384,-0.8385
24293260,-0.897
24295136,-0.897
24296996,-0.8112
24298876,-0.7722
24300748,-0.8697
24302620,-0.8697
24304492,-0.7683
24306360,-0.741
24308236,-0.741
24310112,-0.819
24311984,-0.7956
24313852,-0.7644
24315736,-0.7644
24317612,-0.78
24319480,-0.819
24321344,-0.7488
24323216,-0.7488
24325080,-0.8814
24326956,-0.9789
24328832,-0.8736
24330708,-0.8736
24332580,-1.0413
24334460,-1.0686
24336336,-1.5249
24338224,-1.5249
24340104,-1.9422
24341988,-2.7105
24343868,-3.5334
24345756,-3.5334
24347636,-5.4015
24349520,-6.4077
24351396,-6.4077
24353272,-14.9799
24355200,-15.483
24357128,-15.9549
24359060,-15.9744
24360992,-15.9744
24362928,-13.8138
24364860,5.8422
24366740,15.2334
24368676,15.2334
24370608,15.9393
24372540,15.9666
24374472,15.9666
24376400,15.9666
24378324,15.9666
24380248,15.9666
24382176,15.9666
24384100,15.9666
24386032,13.6188
24387960,2.1918
24389844,-7.176
24391716,-7.176
24393592,-15.093
24395516,-15.9393
24397448,-15.9744
24399384,-15.9744
24401316,-15.9744
24403248,-15.9744
24405180,-15.9744
24407112,-15.9744
24409044,-14.5665
24410980,-7.3515
24412864,2.106
24414728,2.106
24416592,12.0627
24418512,15.7911
24420444,15.9588
24422376,15.9588
24424304,15.9666
24426232,15.9666
24428160,15.9666
24430092,13.455
24432012,13.455
24433932,6.3765
24435808,-1.7511
24437688,-8.7594
24439576,-8.7594
24441464,-14.1804
24443392,-15.9003
24445320,-15.9705
24447244,-15.9705
24449176,-15.9744
24451112,-15.9744
24453048,-13.2132
24454988,-13.2132
24456924,-7.8
24458792,-1.4118
24460676,5.7174
24462556,5.7174
24464428,12.3435
24466356,15.6312
24468284,15.9549
24470216,15.9549
24472144,15.9666
24474076,14.1297
24476008,10.4052
24477936,10.4052
24479856,5.8383
24481728,0.4446
24483592,-4.3719
24485468,-4.3719
24487356,-8.6541
24489244,-11.8326
24491184,-13.5057
24493116,-13.5057
24495048,-13.7514
24496980,-12.7413
24498916,-10.5066
24500848,-10.5066
24502780,-6.7938
24504664,-2.964
24506536,3.5997
24508404,3.5997
24510276,7.7805
24512140,10.4871
24514064,11.2632
24516000,11.2632
24517932,10.4169
24519864,8.7477
24521740,5.9085
24523608,5.9085
24525476,2.7378
24527352,-0.5655
24529224,-3.6933
24531104,-3.6933
24532988,-6.3375
24534880,-8.2602
24536760,-9.1494
24538644,-9.1494
24540528,-9.0792
24542404,-8.1042
24544280,-6.1269
24546160,-6.1269
24548044,-3.5919
24549920,-0.975
24551792,-0.975
24553656,1.3728
24555540,3.2721
24557420,4.6605
24559292,4.6605
24561164,5.2923
24563040,5.343
24564908,4.5669
24566772,4.5669
24568652,3.4086
24570520,1.7238
24572400,-0.1131
24574284,-0.1131
24576160,-1.8759
24578028,-3.5061
24579908,-4.719
24581788,-4.719
24583668,-5.4951
24585544,-5.694
24587420,-5.3742
24589296,-5.3742
24591184,-4.5006
24593056,-3.2097
24594924,-1.7472
24596808,-1.7472
24598696,-0.0585
24600556,1.326
24602428,1.326
24604300,2.2386
24606168,2.7885
24608040,2.886
24609904,2.886
24611768,2.4843
24613636,1.8018
24615508,0.8229
24617380,0.8229
24619244,-0.2106
24621104,-1.248
24622984,-2.3283
24624872,-2.3283
24626752,-3.0225
24628632,-3.5178
24630508,-3.6231
24632396,-3.6231
24634280,-3.4515
24636160,-3.003
24638024,-3.003
24639888,-2.3439
24641768,-1.6029
24643644,-0.7995
24645512,-0.7995
24647396,-0.1872
24649272,0.4719
24651140,0.7761
24653004,0.7761
24654876,1.0257
24656752,0.9282
24658612,0.7215
24660480,0.7215
24662348,0.3198
24664220,-0.1989
24666076,-0.7137
24667960,-0.7137
24669840,-1.2675
24671724,-1.6887
24673612,-2.0436
24675492,-2.0436
24677360,-2.2347
24679248,-2.2581
24681128,-2.2581
24683008,-2.2113
24684892,-1.9851
24686776,-1.6653
24688660,-1.6653
24690548,-1.326
24692424,-0.9126
24694304,-0.5928
24696172,-0.5928
24698048,-0.2262
24699924,-0.0234
24701788,0.1014
24703648,0.1014
24705504,0.1131
24707376,-0.0156
24709244,-0.1755
24711112,-0.1755
24712988,-0.4407
24714856,-0.7332
24716724,-1.0257
24718604,-1.0257
24720480,-1.3104
24722356,-1.5288
24724244,-1.5288
24726128,-1.6848
24728008,-1.7043
24729888,-1.716
24731764,-1.716
24733644,-1.5717
24735532,-1.3845
24737416,-1.1466
24739300,-1.1466
24741184,-0.8853
24743060,-0.6903
24744924,-0.4836
24746792,-0.4836
24748664,-0.3549
24750532,-0.2691
24752408,-0.2925
24754280,-0.2925
24756152,-0.3705
24758016,-0.4836
24759880,-0.6825
24761756,-0.6825
24763632,-0.8229
24765508,-1.0218
24767384,-1.1856
24769272,-1.1856
24771152,-1.3065
24773036,-1.3962
24774920,-1.3962
24776804,-1.404
24778680,-1.3923
24780560,-1.3026
24782440,-1.3026
24784320,-1.2207
24786196,-1.0881
24788072,-0.9438
24789940,-0.9438
24791816,-0.8151
24793696,-0.6903
24795560,-0.6084
24797432,-0.6084
24799304,-0.5499
24801176,-0.5187
24803044,-0.5577
24804920,-0.5577
24806792,-0.6201
24808664,-0.7137
24810540,-0.8385
24812412,-0.8385
24814288,-0.9516
24816164,-1.0569
24818036,-1.0569
24819912,-1.1232
24821800,-1.1856
24823688,-1.2168
24825576,-1.2168
24827460,-1.2285
24829344,-1.17
24831224,-1.1115
24833116,-1.1115
24835004,-1.0569
24836888,-0.9633
24838768,-0.8853
24840640,-0.8853
24842512,-0.8151
24844388,-0.7566
24846260,-0.7215
24848136,-0.7215
24850016,-0.6942
24851888,-0.7137
24853764,-0.7371
24855636,-0.7371
24857508,-0.78
24859376,-0.8463
24861248,-0.8892
24863120,-0.8892
24864992,-0.9672
24866868,-1.0374
24868748,-1.0374
24870632,-1.053
24872508,-1.0998
24874384,-1.0959
24876260,-1.0959
24878136,-1.092
24880008,-1.0452
24881900,-1.0179
24883780,-1.0179
24885652,-0.9711
24887528,-0.9243
24889396,-0.8853
24891268,-0.8853
24893136,-0.8073
24895000,-0.7839
24896876,-0.7683
24898748,-0.7683
24900624,-0.78
24902488,-0.7878
24904352,-0.8424
24906228,-0.8424
24908100,-0.8775
24909972,-0.9126
24911840,-0.9126
24913716,-0.9594
24915592,-0.9906
24917464,-0.9984
24919340,-0.9984
24921216,-1.0218
24923092,-1.0257
24924972,-1.0374
24926852,-1.0374
24928728,-1.0335
24930604,-1.0062
24932476,-0.9906
24934344,-0.9906
24936208,-0.9477
24938072,-0.9126
24939956,-0.8697
24941824,-0.8697
24943700,-0.8424
24945572,-0.819
24947436,-0.819
24949296,-0.8034
24951164,-0.8268
24953040,-0.8229
24954916,-0.8229
24956788,-0.858
24958652,-0.897
24960512,-0.9321
24962388,-0.9321
24964260,-0.9711
24966128,-1.0023
24968004,-1.3338
24969892,-1.3338
24971772,-1.5873
24973660,-1.5951
24975548,-1.3572
24977436,-1.3572
24979324,-1.0257
24981200,-0.7488
24983072,-0.5421
24984948,-0.5421
24986820,-0.6123
24988692,-0.6825
24990560,-0.8229
24992436,-0.8229
24994316,-0.8619
24996188,-0.8307
24998056,-0.8307
24999920,-0.8151
25001804,-0.7644
25003680,-0.7878
25005552,-0.7878
25007424,-0.8151
25009300,-0.8385
25011164,-0.8463
25013040,-0.8463
25014908,-0.819
25016780,-0.8151
25018656,-0.8034
25020520,-0.8034
25022392,-0.7995
25024260,-0.8112
25026128,-0.8112
25028000,-0.8112
25029876,-0.7839
25031744,-0.4524
25033620,-0.4524
25035484,-0.3159
25037360,-0.5226
25039236,-0.7722
25041108,-0.7722
25042984,-0.8697
25044852,-0.8697
25046728,-0.9555
25048604,-0.9555
25050480,-0.9282
25052352,-0.936
25054220,-0.9555
25056092,-0.9555
25057960,-0.9555
25059836,-0.9828
25061712,-0.9516
25063588,-0.9516
25065456,-0.9516
25067336,-0.9321
25069216,-0.8931
25071092,-0.8931
25072964,-0.8814
25074836,-0.8892
25076704,-0.8892
25078580,-0.897
25080440,-0.9165
25082308,-0.897
25084176,-0.897
25086044,-0.8697
25087920,-0.858
25089784,-0.8463
25091648,-0.8463
25093520,-0.8385
25095396,-0.8424
25097268,-0.8307
25099136,-0.8307
25101000,-0.8268
25102864,-0.8775
25104740,-0.9009
25106600,-0.9009
25108452,-0.9087
25110316,-0.8931
25112192,-0.8931
25114068,-0.9555
25115940,-1.0179
25117820,-1.0842
25119696,-1.0842
25121576,-1.0647
25123456,-1.014
25125332,-0.9906
25127200,-0.9906
25129068,-1.0023
25130944,-0.9945
25132824,-0.9945
25134704,-0.9945
25136580,-0.9594
25138452,-0.9399
25140328,-0.9165
25142204,-0.9165
25144076,-0.8853
25145960,-0.8541
25147828,-0.858
25149696,-0.858
25151568,-0.8658
25153440,-0.8541
25155312,-0.8541
25157184,-0.858
25159052,-0.8619
25160928,-0.8736
25162804,-0.8736
25164676,-0.8814
25166544,-0.9126
25168424,-0.9087
25170288,-0.9087
25172156,-0.9282
25174032,-0.9087
25175900,-0.8931
25177772,-0.8931
25179652,-0.8892
25181524,-0.8853
25183396,-0.8931
25185268,-0.8931
25187148,-0.8775
25189024,-0.8619
25190900,-0.858
25192768,-0.858
25194636,-0.8424
25196508,-0.8268
25198384,-0.8268
25200252,-0.7995
25202120,-0.7878
25203992,-0.7683
25205868,-0.7683
25207740,-0.7527
25209608,-0.7449
25211488,-0.741
25213356,-0.741
25215232,-0.7371
25217112,-0.7215
25218988,-0.7371
25220864,-0.7371
25222744,-0.7566
25224616,-0.7917
25226492,-0.8307
25228360,-0.8307
25230228,-0.8541
25232104,-0.8853
25233976,-0.8853
25235848,-0.9048
25237716,-0.9438
25239592,-0.9789
25241464,-0.9789
25243332,-1.0101
25245204,-1.0062
25247080,-0.9945
25248952,-0.9945
25250828,-0.9867
25252700,-0.9555
25254568,-0.9087
25256436,-0.9087
25258308,-0.8775
25260180,-0.8658
25262048,-0.8814
25263928,-0.8814
25265804,-0.897
25267672,-0.9126
25269552,-0.9321
25271428,-0.9321
25273296,-0.9594
25275172,-0.9633
25277048,-0.9633
25278928,-0.9633
25280800,-0.9789
25282668,-0.9633
25284544,-0.9633
25286420,-0.9594
25288304,-0.9672
25290180,-0.9672
25292056,-0.9672
25293928,-0.9828
25295800,-0.975
25297672,-0.9828
25299540,-0.9828
25301412,-0.9633
25303288,-0.975
25305156,-0.9477
25307028,-0.9477
25308896,-0.9516
25310764,-0.9633
25312640,-0.9321
25314516,-0.9321
25316388,-0.9399
25318260,-0.936
25320124,-0.936
25321992,-0.9321
25323872,-0.9438
25325740,-0.936
25327604,-0.936
25329484,-0.9477
25331356,-0.9282
25333224,-0.9672
25335100,-0.9672
25336980,-0.9516
25338848,-0.9711
25340724,-0.9945
25342600,-0.9945
25344468,-1.014
25346340,-1.0374
25348224,-1.053
25350096,-1.053
25351972,-1.0764
25353860,-1.092
25355736,-1.1115
25357628,-1.1115
25359520,-1.1115
25361412,-1.1232
25363304,-1.1232
25365196,-1.131
25367084,-1.1349
25368972,-1.7004
25370852,-1.7004
25372724,-1.5288
25374612,-1.6809
25376488,-3.4437
25378372,-3.4437
25380256,-6.2673
25382144,-6.5754
25384032,-2.1177
25385920,-2.1177
25387804,2.379
25389680,4.9452
25391552,5.1363
25393432,5.1363
25395308,-0.2379
25397180,-0.3432
25399056,-0.2847
25400940,-0.2847
25402808,-0.9243
25404684,-1.3026
25406560,-0.9984
25408432,-0.9984
25410312,-0.8892
25412176,-0.7176
25414052,-0.6162
25415928,-0.6162
25417800,-0.8736
25419672,-4.0014
25421540,-4.0014
25423404,0.4134
25425280,0.0936
25427144,-0.6864
25429012,-0.6864
25430888,-5.8812
25432764,-13.806
25434688,-15.8886
25436616,-15.8886
25438548,-15.9705
25440476,-15.6351
25442416,-2.6559
25444300,-2.6559
25446180,4.9413
25448068,15.2529
25449996,15.9393
25451928,15.9393
25453864,15.9666
25455796,15.9666
25457728,15.9666
25459660,15.9666
25461584,15.9666
25463512,15.873
25465436,8.7945
25467308,-0.7527
25469184,-0.7527
25471056,-11.0955
25472984,-15.5532
25474916,-15.9588
25476852,-15.9588
25478776,-15.9744
25480712,-15.9744
25482644,-15.9744
25484580,-15.9744
25486512,-15
